ID_ITEM,ID_VISITA,FECHA_REGISTRO,CODIGO_TIENDA,TIPO_EQUIPO,MARCA,MODELO,NUMERO_SERIE,COD_INVENTARIO,UBICACION_CAJA,CONDICION,ESTADO_FISICO,OPERATIVO,HOSTNAME,ANYDESK,ANDROID_IMEI
ITEM-B13-1,VIS-B13-20260924-1806,24/09/2026 18:06:49,B13,CPU POS / ALL IN ONE,HP,ALLTOUCH,QAZ12345EDC,12345678Z,CAJA 01,OPERATIVO,Bueno,Sí,,,
ITEM-B13-2,VIS-B13-20260924-1806,24/09/2026 18:06:49,B13,CPU POS / ALL IN ONE,HP,ALLTOUCH,WSX12345EDC,12345678M,BACKUP / ALMACÉN,OPERATIVO,Bueno,Sí,,,
ITEM-B13-3,VIS-B13-20260924-1806,24/09/2026 18:06:49,B13,IMPRESORA TÉRMICA DE TICKETS,EPSON,TM-T20III,GHY4567RFV,12345678D,CAJA 01,OPERATIVO,Bueno,Sí,,,
ITEM-B17-1,VIS-B17-20260925-0950,25/09/2026 9:50:21,B17,CPU POS / ALL IN ONE,LENOVO,THINKPAD,CVB67890HJK,12345678Z,CAJA 01,OPERATIVO,Bueno,Sí,,,
ITEM-B17-2,VIS-B17-20260925-0950,25/09/2026 9:50:21,B17,MONITOR POS / PANTALLA TÁCTIL,LG,TV50FHD,PLÑ67890AQQW,12345678L,CAJA 01,OPERATIVO,Bueno,Sí,,,
ITEM-B22-1,VIS-B22-20260925-1002,25/09/2026 10:02:36,B22,CPU POS / ALL IN ONE,LENOVO,THINKPAD,QAZ12345WSX,12345678Q,CAJA 01,OPERATIVO,Bueno,Sí,,,
ITEM-B22-2,VIS-B22-20260925-1002,25/09/2026 10:02:36,B22,MONITOR POS / PANTALLA TÁCTIL,LG,TV50FHD,POI6789GHJ,12345678G,CAJA 01,OPERATIVO,Bueno,Sí,,,
ITEM-B22-3,VIS-B22-20260925-1002,25/09/2026 10:02:36,B22,CPU POS / ALL IN ONE,HP,ALLTOUCH,PLÑ12345EDC,12345678J,CAJA 02,OPERATIVO,Bueno,Sí,,,
ITEM-B22-4,VIS-B22-20260925-1002,25/09/2026 10:02:36,B22,PDA (ASISTENTE DIGITAL PERSONAL),HONEYWELL,MAGICPDA,WSX123456TRF,12345678O,MESÓN DE VENTAS / TIENDA,OPERATIVO,Bueno,Sí,,,
ITEM-B70-1,VIS-B70-20260925-1320,25/09/2026 13:20:34,B70,CPU POS / ALL IN ONE,HP,ALLTOUCH,QWE3456XCV,12345678F,CAJA 01,OPERATIVO,Bueno,Sí,,,
ITEM-B70-2,VIS-B70-20260925-1320,25/09/2026 13:20:34,B70,CPU POS / ALL IN ONE,LENOVO,THINKPAD,ZSX23456CGV,12345678M,CAJA 02,OPERATIVO,Bueno,Sí,,,
ITEM-B70-3,VIS-B70-20260925-1320,25/09/2026 13:20:34,B70,MONITOR POS / PANTALLA TÁCTIL,LG,TV50FHD,HUJ87654KOL,12345678U,CAJA 02,OPERATIVO,Bueno,Sí,,,
ITEM-B77-1,VIS-B77-20260925-1121,25/09/2026 11:21:31,B77,CPU POS / ALL IN ONE,LENOVO,THINKPAD,QAZ234567EDC,12345678Z,CAJA 01,OPERATIVO,Bueno,Sí,,,
ITEM-B77-2,VIS-B77-20260925-1121,25/09/2026 11:21:31,B77,MONITOR POS / PANTALLA TÁCTIL,LG,TV50FHD,WER34567CVB,12345678P,CAJA 01,OPERATIVO,Bueno,Sí,,,
ITEM-B77-3,VIS-B77-20260925-1121,25/09/2026 11:21:31,B77,PDA (ASISTENTE DIGITAL PERSONAL),HONEYWEL,WE567FGH,12345678D,,MESÓN DE VENTAS / TIENDA,OPERATIVO,Bueno,Sí,,,
ITEM-B11-1,VIS-B11-20260924-1815,24/09/2026 18:15:58,B11,CPU POS / ALL IN ONE,LENOVO,THINKPAD,HJK67890YUI,12345678Z,CAJA 01,OPERATIVO,Bueno,Sí,,,
ITEM-B11-2,VIS-B11-20260924-1815,24/09/2026 18:15:58,B11,PDA (ASISTENTE DIGITAL PERSONAL),HONEYWELL,MAGICPDA,TGB5678YHN,12345678L,MESÓN DE VENTAS / TIENDA,OPERATIVO,Bueno,Sí,,,
ITEM-B11-3,VIS-B11-20260924-1815,24/09/2026 18:15:58,B11,LECTOR DE CÓDIGO DE BARRAS,ZEBRA,SPP-SP32A,DEES12345GYH,12345678U,RETIRADO / BAJA,DE BAJA / RETIRADO,Malo,No,,,
ITEM-B11-4,VIS-B11-20260924-1815,24/09/2026 18:15:58,B11,LECTOR DE CÓDIGO DE BARRAS,ZEBRA,SYMBOL,RFV5678YHN,12345678K,CAJA 01,OPERATIVO,Bueno,Sí,,,
ITEM-B11-5,VIS-B11-20260924-1815,24/09/2026 18:15:58,B11,IMPRESORA TÉRMICA DE TICKETS,EPSON,TM-T20III,XER5678UYT,12345678D,CAJA 01,OPERATIVO,Bueno,Sí,,,
ITEM-B11-6,VIS-B11-20260924-1815,24/09/2026 18:15:58,B11,IMPRESORA LÁSER / TINTA,HP,LASERJET140W,PL56789YTRF,12345678W,CAJA 01,OPERATIVO,Bueno,Sí,,,
ITEM-B84-1,VIS-B84-20260925-1949,25/09/2026 19:49:56,B84,CPU POS / ALL IN ONE,LENOVO,THINKPAD,QAZ12345SXD,12345678Q,CAJA 01,OPERATIVO,Bueno,Sí,,,
ITEM-B84-2,VIS-B84-20260925-1949,25/09/2026 19:49:56,B84,MONITOR POS / PANTALLA TÁCTIL,LG,TV50FHD,WER34567TG,12345678Z,CAJA 01,OPERATIVO,Bueno,Sí,,,
ITEM-B84-3,VIS-B84-20260925-1949,25/09/2026 19:49:56,B84,IMPRESORA LÁSER / TINTA,HP,LASERJET140W,HJU890YTG,12345678C,CAJA 01,OPERATIVO,Bueno,Sí,,,
ITEM-B84-4,VIS-B84-20260925-1949,25/09/2026 19:49:56,B84,PDA (ASISTENTE DIGITAL PERSONAL),HONEYWELL,MAGICPDA,PÑL890OIK,12345678G,MESÓN DE VENTAS / TIENDA,OPERATIVO,Bueno,Sí,,,
ITEM-B84-5,VIS-B84-20260925-1949,25/09/2026 19:49:56,B84,IMPRESORA INALÁMBRICA DE RECIBOS,EPSON,TM-T20III,BHN23456MKL,12345678P,MESÓN DE VENTAS / TIENDA,OPERATIVO,Bueno,Sí,,,
ITEM-B84-6,VIS-B84-20260925-1949,25/09/2026 19:49:56,B84,SWITCH DE COMUNICACIONES,CISCO,CATALYS,JKI890LÑP,12345678B,GABINETE RACK,OPERATIVO,Bueno,Sí,,,
ITEM-B84-7,VIS-B84-20260925-1949,25/09/2026 19:49:56,B84,CPU POS / ALL IN ONE,HP,ALLTOUCH,QAZ6789GFD,12345678F,BACKUP / ALMACÉN,OPERATIVO,Bueno,Sí,,,